<TextureAtlas imagePath="fishSpritesheet.png">
	<SubTexture name="fishTile_001.png" x="0" y="192" width="64" height="64"/>
	<SubTexture name="fishTile_002.png" x="0" y="128" width="64" height="64"/>
	<SubTexture name="fishTile_003.png" x="0" y="64" width="64" height="64"/>
	<SubTexture name="fishTile_004.png" x="0" y="0" width="64" height="64"/>
	<SubTexture name="fishTile_005.png" x="192" y="64" width="64" height="64"/>
	<SubTexture name="fishTile_006.png" x="0" y="320" width="64" height="60"/>
	<SubTexture name="fishTile_007.png" x="0" y="380" width="64" height="64"/>
	<SubTexture name="fishTile_008.png" x="0" y="444" width="64" height="64"/>
	<SubTexture name="fishTile_009.png" x="64" y="0" width="64" height="64"/>
	<SubTexture name="fishTile_010.png" x="427" y="83" width="45" height="57"/>
	<SubTexture name="fishTile_011.png" x="537" y="235" width="27" height="40"/>
	<SubTexture name="fishTile_012.png" x="472" y="82" width="35" height="42"/>
	<SubTexture name="fishTile_013.png" x="509" y="443" width="28" height="35"/>
	<SubTexture name="fishTile_014.png" x="378" y="26" width="49" height="59"/>
	<SubTexture name="fishTile_015.png" x="508" y="193" width="31" height="42"/>
	<SubTexture name="fishTile_016.png" x="469" y="197" width="39" height="44"/>
	<SubTexture name="fishTile_017.png" x="507" y="119" width="33" height="37"/>
	<SubTexture name="fishTile_018.png" x="128" y="192" width="64" height="64"/>
	<SubTexture name="fishTile_019.png" x="192" y="128" width="64" height="64"/>
	<SubTexture name="fishTile_020.png" x="64" y="64" width="64" height="64"/>
	<SubTexture name="fishTile_021.png" x="64" y="192" width="64" height="64"/>
	<SubTexture name="fishTile_022.png" x="64" y="320" width="64" height="64"/>
	<SubTexture name="fishTile_023.png" x="64" y="384" width="64" height="64"/>
	<SubTexture name="fishTile_024.png" x="0" y="508" width="64" height="60"/>
	<SubTexture name="fishTile_025.png" x="64" y="448" width="64" height="64"/>
	<SubTexture name="fishTile_026.png" x="128" y="0" width="64" height="64"/>
	<SubTexture name="fishTile_027.png" x="128" y="64" width="64" height="64"/>
	<SubTexture name="fishTile_028.png" x="427" y="140" width="45" height="57"/>
	<SubTexture name="fishTile_029.png" x="537" y="443" width="27" height="40"/>
	<SubTexture name="fishTile_030.png" x="472" y="40" width="35" height="42"/>
	<SubTexture name="fishTile_031.png" x="508" y="357" width="28" height="35"/>
	<SubTexture name="fishTile_032.png" x="378" y="85" width="49" height="59"/>
	<SubTexture name="fishTile_033.png" x="508" y="491" width="31" height="42"/>
	<SubTexture name="fishTile_034.png" x="470" y="447" width="39" height="44"/>
	<SubTexture name="fishTile_035.png" x="507" y="156" width="33" height="37"/>
	<SubTexture name="fishTile_036.png" x="128" y="320" width="64" height="64"/>
	<SubTexture name="fishTile_037.png" x="256" y="192" width="64" height="64"/>
	<SubTexture name="fishTile_038.png" x="256" y="448" width="64" height="64"/>
	<SubTexture name="fishTile_039.png" x="192" y="192" width="64" height="64"/>
	<SubTexture name="fishTile_040.png" x="256" y="0" width="64" height="64"/>
	<SubTexture name="fishTile_041.png" x="256" y="64" width="64" height="64"/>
	<SubTexture name="fishTile_042.png" x="128" y="448" width="64" height="60"/>
	<SubTexture name="fishTile_043.png" x="128" y="384" width="64" height="64"/>
	<SubTexture name="fishTile_044.png" x="128" y="128" width="64" height="64"/>
	<SubTexture name="fishTile_045.png" x="64" y="128" width="64" height="64"/>
	<SubTexture name="fishTile_046.png" x="501" y="538" width="30" height="29"/>
	<SubTexture name="fishTile_047.png" x="427" y="197" width="42" height="36"/>
	<SubTexture name="fishTile_048.png" x="426" y="389" width="47" height="58"/>
	<SubTexture name="fishTile_049.png" x="538" y="275" width="26" height="45"/>
	<SubTexture name="fishTile_050.png" x="467" y="538" width="34" height="31"/>
	<SubTexture name="fishTile_051.png" x="426" y="315" width="46" height="37"/>
	<SubTexture name="fishTile_052.png" x="375" y="284" width="51" height="60"/>
	<SubTexture name="fishTile_053.png" x="508" y="281" width="30" height="47"/>
	<SubTexture name="fishTile_054.png" x="192" y="384" width="64" height="64"/>
	<SubTexture name="fishTile_055.png" x="256" y="384" width="64" height="64"/>
	<SubTexture name="fishTile_056.png" x="128" y="256" width="64" height="64"/>
	<SubTexture name="fishTile_057.png" x="64" y="256" width="64" height="64"/>
	<SubTexture name="fishTile_058.png" x="256" y="128" width="64" height="64"/>
	<SubTexture name="fishTile_059.png" x="192" y="0" width="64" height="64"/>
	<SubTexture name="fishTile_060.png" x="128" y="508" width="64" height="60"/>
	<SubTexture name="fishTile_061.png" x="192" y="320" width="64" height="64"/>
	<SubTexture name="fishTile_062.png" x="192" y="256" width="64" height="64"/>
	<SubTexture name="fishTile_063.png" x="192" y="448" width="64" height="64"/>
	<SubTexture name="fishTile_064.png" x="427" y="26" width="45" height="57"/>
	<SubTexture name="fishTile_065.png" x="536" y="357" width="27" height="40"/>
	<SubTexture name="fishTile_066.png" x="473" y="361" width="35" height="42"/>
	<SubTexture name="fishTile_067.png" x="509" y="235" width="28" height="35"/>
	<SubTexture name="fishTile_068.png" x="508" y="328" width="30" height="29"/>
	<SubTexture name="fishTile_069.png" x="427" y="233" width="42" height="36"/>
	<SubTexture name="fishTile_070.png" x="423" y="478" width="47" height="58"/>
	<SubTexture name="fishTile_071.png" x="539" y="483" width="26" height="45"/>
	<SubTexture name="fishTile_072.png" x="320" y="428" width="54" height="38"/>
	<SubTexture name="fishTile_073.png" x="320" y="32" width="58" height="42"/>
	<SubTexture name="fishTile_074.png" x="428" y="352" width="40" height="23"/>
	<SubTexture name="fishTile_075.png" x="423" y="536" width="44" height="26"/>
	<SubTexture name="fishTile_076.png" x="320" y="174" width="58" height="32"/>
	<SubTexture name="fishTile_077.png" x="64" y="512" width="62" height="36"/>
	<SubTexture name="fishTile_078.png" x="320" y="240" width="56" height="44"/>
	<SubTexture name="fishTile_079.png" x="192" y="512" width="60" height="48"/>
	<SubTexture name="fishTile_080.png" x="320" y="466" width="54" height="30"/>
	<SubTexture name="fishTile_081.png" x="311" y="512" width="58" height="34"/>
	<SubTexture name="fishTile_082.png" x="320" y="359" width="54" height="30"/>
	<SubTexture name="fishTile_083.png" x="374" y="389" width="52" height="32"/>
	<SubTexture name="fishTile_084.png" x="320" y="0" width="58" height="32"/>
	<SubTexture name="fishTile_085.png" x="320" y="206" width="56" height="34"/>
	<SubTexture name="fishTile_086.png" x="374" y="359" width="54" height="30"/>
	<SubTexture name="fishTile_087.png" x="374" y="421" width="52" height="32"/>
	<SubTexture name="fishTile_088.png" x="256" y="320" width="64" height="64"/>
	<SubTexture name="fishTile_089.png" x="256" y="256" width="64" height="64"/>
	<SubTexture name="fishTile_090.png" x="378" y="144" width="49" height="35"/>
	<SubTexture name="fishTile_091.png" x="320" y="389" width="54" height="39"/>
	<SubTexture name="fishTile_092.png" x="428" y="0" width="36" height="23"/>
	<SubTexture name="fishTile_093.png" x="426" y="447" width="40" height="26"/>
	<SubTexture name="fishTile_094.png" x="376" y="246" width="51" height="27"/>
	<SubTexture name="fishTile_095.png" x="320" y="284" width="55" height="31"/>
	<SubTexture name="fishTile_096.png" x="376" y="206" width="51" height="40"/>
	<SubTexture name="fishTile_097.png" x="320" y="315" width="55" height="44"/>
	<SubTexture name="fishTile_098.png" x="378" y="179" width="47" height="22"/>
	<SubTexture name="fishTile_099.png" x="378" y="0" width="50" height="26"/>
	<SubTexture name="fishTile_100.png" x="369" y="496" width="54" height="52"/>
	<SubTexture name="fishTile_101.png" x="320" y="74" width="58" height="60"/>
	<SubTexture name="fishTile_102.png" x="64" y="548" width="55" height="21"/>
	<SubTexture name="fishTile_103.png" x="252" y="512" width="59" height="44"/>
	<SubTexture name="fishTile_104.png" x="362" y="548" width="49" height="21"/>
	<SubTexture name="fishTile_105.png" x="320" y="134" width="58" height="40"/>
	<SubTexture name="fishTile_106.png" x="374" y="453" width="51" height="25"/>
	<SubTexture name="fishTile_107.png" x="311" y="546" width="51" height="23"/>
	<SubTexture name="fishTile_108.png" x="472" y="241" width="37" height="40"/>
	<SubTexture name="fishTile_109.png" x="508" y="0" width="30" height="39"/>
	<SubTexture name="fishTile_110.png" x="472" y="322" width="36" height="39"/>
	<SubTexture name="fishTile_111.png" x="472" y="124" width="35" height="40"/>
	<SubTexture name="fishTile_112.png" x="507" y="80" width="34" height="39"/>
	<SubTexture name="fishTile_113.png" x="472" y="0" width="36" height="40"/>
	<SubTexture name="fishTile_114.png" x="473" y="403" width="34" height="40"/>
	<SubTexture name="fishTile_115.png" x="507" y="403" width="34" height="40"/>
	<SubTexture name="fishTile_116.png" x="472" y="281" width="36" height="41"/>
	<SubTexture name="fishTile_117.png" x="507" y="40" width="34" height="40"/>
	<SubTexture name="fishTile_118.png" x="426" y="273" width="46" height="42"/>
	<SubTexture name="fishTile_119.png" x="470" y="491" width="38" height="47"/>
	<SubTexture name="fishTile_120.png" x="538" y="320" width="22" height="32"/>
	<SubTexture name="fishTile_121.png" x="472" y="164" width="33" height="32"/>
	<SubTexture name="fishTile_122.png" x="374" y="478" width="18" height="17"/>
	<SubTexture name="fishTile_123.png" x="531" y="533" width="24" height="24"/>
	<SubTexture name="fishTile_124.png" x="264" y="556" width="12" height="12"/>
	<SubTexture name="fishTile_125.png" x="252" y="556" width="12" height="12"/>
	<SubTexture name="fishTile_126.png" x="0" y="256" width="64" height="64"/>
</TextureAtlas>