<TextureAtlas imagePath="fishSpritesheet@2.png">
	<SubTexture name="fishTile_001.png" x="384" y="128" width="128" height="128"/>
	<SubTexture name="fishTile_002.png" x="0" y="128" width="128" height="128"/>
	<SubTexture name="fishTile_003.png" x="0" y="256" width="128" height="128"/>
	<SubTexture name="fishTile_004.png" x="0" y="384" width="128" height="128"/>
	<SubTexture name="fishTile_005.png" x="0" y="512" width="128" height="128"/>
	<SubTexture name="fishTile_006.png" x="0" y="640" width="128" height="120"/>
	<SubTexture name="fishTile_007.png" x="0" y="760" width="128" height="128"/>
	<SubTexture name="fishTile_008.png" x="0" y="888" width="128" height="128"/>
	<SubTexture name="fishTile_009.png" x="128" y="128" width="128" height="128"/>
	<SubTexture name="fishTile_010.png" x="855" y="114" width="89" height="114"/>
	<SubTexture name="fishTile_011.png" x="1076" y="392" width="53" height="80"/>
	<SubTexture name="fishTile_012.png" x="947" y="651" width="70" height="84"/>
	<SubTexture name="fishTile_013.png" x="1075" y="815" width="58" height="69"/>
	<SubTexture name="fishTile_014.png" x="850" y="683" width="97" height="118"/>
	<SubTexture name="fishTile_015.png" x="1015" y="316" width="61" height="84"/>
	<SubTexture name="fishTile_016.png" x="937" y="316" width="78" height="88"/>
	<SubTexture name="fishTile_017.png" x="1015" y="154" width="65" height="74"/>
	<SubTexture name="fishTile_018.png" x="128" y="384" width="128" height="128"/>
	<SubTexture name="fishTile_019.png" x="128" y="512" width="128" height="128"/>
	<SubTexture name="fishTile_020.png" x="128" y="640" width="128" height="128"/>
	<SubTexture name="fishTile_021.png" x="128" y="768" width="128" height="128"/>
	<SubTexture name="fishTile_022.png" x="128" y="896" width="128" height="128"/>
	<SubTexture name="fishTile_023.png" x="256" y="0" width="128" height="128"/>
	<SubTexture name="fishTile_024.png" x="0" y="1016" width="128" height="120"/>
	<SubTexture name="fishTile_025.png" x="256" y="128" width="128" height="128"/>
	<SubTexture name="fishTile_026.png" x="512" y="0" width="128" height="128"/>
	<SubTexture name="fishTile_027.png" x="256" y="512" width="128" height="128"/>
	<SubTexture name="fishTile_028.png" x="853" y="0" width="89" height="114"/>
	<SubTexture name="fishTile_029.png" x="1076" y="312" width="53" height="80"/>
	<SubTexture name="fishTile_030.png" x="946" y="885" width="70" height="84"/>
	<SubTexture name="fishTile_031.png" x="1016" y="893" width="58" height="69"/>
	<SubTexture name="fishTile_032.png" x="756" y="0" width="97" height="118"/>
	<SubTexture name="fishTile_033.png" x="1016" y="228" width="61" height="84"/>
	<SubTexture name="fishTile_034.png" x="938" y="228" width="78" height="88"/>
	<SubTexture name="fishTile_035.png" x="1015" y="80" width="65" height="74"/>
	<SubTexture name="fishTile_036.png" x="512" y="512" width="128" height="128"/>
	<SubTexture name="fishTile_037.png" x="512" y="384" width="128" height="128"/>
	<SubTexture name="fishTile_038.png" x="512" y="768" width="128" height="128"/>
	<SubTexture name="fishTile_039.png" x="256" y="768" width="128" height="128"/>
	<SubTexture name="fishTile_040.png" x="384" y="760" width="128" height="128"/>
	<SubTexture name="fishTile_041.png" x="384" y="632" width="128" height="128"/>
	<SubTexture name="fishTile_042.png" x="384" y="512" width="128" height="120"/>
	<SubTexture name="fishTile_043.png" x="256" y="256" width="128" height="128"/>
	<SubTexture name="fishTile_044.png" x="128" y="256" width="128" height="128"/>
	<SubTexture name="fishTile_045.png" x="128" y="0" width="128" height="128"/>
	<SubTexture name="fishTile_046.png" x="1018" y="400" width="58" height="58"/>
	<SubTexture name="fishTile_047.png" x="852" y="580" width="82" height="71"/>
	<SubTexture name="fishTile_048.png" x="850" y="801" width="94" height="115"/>
	<SubTexture name="fishTile_049.png" x="1080" y="170" width="50" height="90"/>
	<SubTexture name="fishTile_050.png" x="946" y="969" width="66" height="62"/>
	<SubTexture name="fishTile_051.png" x="847" y="331" width="90" height="75"/>
	<SubTexture name="fishTile_052.png" x="750" y="564" width="102" height="119"/>
	<SubTexture name="fishTile_053.png" x="1017" y="577" width="58" height="94"/>
	<SubTexture name="fishTile_054.png" x="256" y="640" width="128" height="128"/>
	<SubTexture name="fishTile_055.png" x="384" y="256" width="128" height="128"/>
	<SubTexture name="fishTile_056.png" x="384" y="384" width="128" height="128"/>
	<SubTexture name="fishTile_057.png" x="256" y="384" width="128" height="128"/>
	<SubTexture name="fishTile_058.png" x="384" y="0" width="128" height="128"/>
	<SubTexture name="fishTile_059.png" x="512" y="896" width="128" height="128"/>
	<SubTexture name="fishTile_060.png" x="384" y="1016" width="128" height="120"/>
	<SubTexture name="fishTile_061.png" x="512" y="256" width="128" height="128"/>
	<SubTexture name="fishTile_062.png" x="384" y="888" width="128" height="128"/>
	<SubTexture name="fishTile_063.png" x="256" y="896" width="128" height="128"/>
	<SubTexture name="fishTile_064.png" x="852" y="466" width="89" height="114"/>
	<SubTexture name="fishTile_065.png" x="1075" y="577" width="53" height="80"/>
	<SubTexture name="fishTile_066.png" x="944" y="801" width="70" height="84"/>
	<SubTexture name="fishTile_067.png" x="1074" y="893" width="58" height="69"/>
	<SubTexture name="fishTile_068.png" x="1017" y="671" width="58" height="58"/>
	<SubTexture name="fishTile_069.png" x="934" y="580" width="82" height="71"/>
	<SubTexture name="fishTile_070.png" x="852" y="916" width="94" height="115"/>
	<SubTexture name="fishTile_071.png" x="1080" y="80" width="50" height="90"/>
	<SubTexture name="fishTile_072.png" x="640" y="776" width="108" height="76"/>
	<SubTexture name="fishTile_073.png" x="640" y="0" width="116" height="84"/>
	<SubTexture name="fishTile_074.png" x="755" y="118" width="78" height="46"/>
	<SubTexture name="fishTile_075.png" x="852" y="262" width="86" height="54"/>
	<SubTexture name="fishTile_076.png" x="640" y="348" width="114" height="64"/>
	<SubTexture name="fishTile_077.png" x="128" y="1024" width="122" height="72"/>
	<SubTexture name="fishTile_078.png" x="640" y="412" width="112" height="88"/>
	<SubTexture name="fishTile_079.png" x="250" y="1024" width="120" height="96"/>
	<SubTexture name="fishTile_080.png" x="640" y="718" width="108" height="58"/>
	<SubTexture name="fishTile_081.png" x="630" y="1024" width="116" height="66"/>
	<SubTexture name="fishTile_082.png" x="640" y="929" width="106" height="60"/>
	<SubTexture name="fishTile_083.png" x="748" y="798" width="102" height="64"/>
	<SubTexture name="fishTile_084.png" x="640" y="284" width="114" height="64"/>
	<SubTexture name="fishTile_085.png" x="640" y="500" width="110" height="68"/>
	<SubTexture name="fishTile_086.png" x="746" y="929" width="106" height="60"/>
	<SubTexture name="fishTile_087.png" x="750" y="500" width="102" height="64"/>
	<SubTexture name="fishTile_088.png" x="512" y="640" width="128" height="128"/>
	<SubTexture name="fishTile_089.png" x="512" y="128" width="128" height="128"/>
	<SubTexture name="fishTile_090.png" x="754" y="262" width="98" height="69"/>
	<SubTexture name="fishTile_091.png" x="640" y="852" width="108" height="77"/>
	<SubTexture name="fishTile_092.png" x="942" y="0" width="71" height="46"/>
	<SubTexture name="fishTile_093.png" x="853" y="406" width="79" height="54"/>
	<SubTexture name="fishTile_094.png" x="752" y="412" width="101" height="54"/>
	<SubTexture name="fishTile_095.png" x="640" y="656" width="109" height="62"/>
	<SubTexture name="fishTile_096.png" x="748" y="718" width="102" height="80"/>
	<SubTexture name="fishTile_097.png" x="640" y="568" width="110" height="88"/>
	<SubTexture name="fishTile_098.png" x="754" y="331" width="93" height="44"/>
	<SubTexture name="fishTile_099.png" x="754" y="164" width="101" height="52"/>
	<SubTexture name="fishTile_100.png" x="746" y="989" width="106" height="103"/>
	<SubTexture name="fishTile_101.png" x="640" y="164" width="114" height="120"/>
	<SubTexture name="fishTile_102.png" x="630" y="1090" width="109" height="41"/>
	<SubTexture name="fishTile_103.png" x="512" y="1024" width="118" height="87"/>
	<SubTexture name="fishTile_104.png" x="739" y="1092" width="97" height="41"/>
	<SubTexture name="fishTile_105.png" x="640" y="84" width="115" height="80"/>
	<SubTexture name="fishTile_106.png" x="748" y="862" width="102" height="49"/>
	<SubTexture name="fishTile_107.png" x="754" y="216" width="101" height="46"/>
	<SubTexture name="fishTile_108.png" x="941" y="497" width="73" height="80"/>
	<SubTexture name="fishTile_109.png" x="1016" y="815" width="59" height="78"/>
	<SubTexture name="fishTile_110.png" x="944" y="46" width="71" height="78"/>
	<SubTexture name="fishTile_111.png" x="1014" y="735" width="69" height="80"/>
	<SubTexture name="fishTile_112.png" x="1014" y="1048" width="67" height="77"/>
	<SubTexture name="fishTile_113.png" x="943" y="1031" width="71" height="79"/>
	<SubTexture name="fishTile_114.png" x="1015" y="0" width="66" height="80"/>
	<SubTexture name="fishTile_115.png" x="1014" y="969" width="67" height="79"/>
	<SubTexture name="fishTile_116.png" x="944" y="124" width="71" height="81"/>
	<SubTexture name="fishTile_117.png" x="1014" y="497" width="67" height="80"/>
	<SubTexture name="fishTile_118.png" x="852" y="1031" width="91" height="83"/>
	<SubTexture name="fishTile_119.png" x="941" y="404" width="77" height="93"/>
	<SubTexture name="fishTile_120.png" x="1081" y="472" width="42" height="62"/>
	<SubTexture name="fishTile_121.png" x="947" y="735" width="67" height="63"/>
	<SubTexture name="fishTile_122.png" x="855" y="228" width="37" height="34"/>
	<SubTexture name="fishTile_123.png" x="1075" y="657" width="48" height="48"/>
	<SubTexture name="fishTile_124.png" x="152" y="1096" width="24" height="24"/>
	<SubTexture name="fishTile_125.png" x="128" y="1096" width="24" height="24"/>
	<SubTexture name="fishTile_126.png" x="0" y="0" width="128" height="128"/>
</TextureAtlas>